userId|firstName|lastName|city|state
61|Mason|Pearson|Phoenix|Idaho
62|Leah|Henderson|Austin|Wyoming
63|Logan|Lawson|Chicago|Minnesota
64|Avery|Barnes|Philadelphia|Connecticut
65|Caleb|Perkins|Los Angeles|South Carolina
66|Aria|Ferguson|San Diego|Wyoming
67|Gabriel|Hayes|San Jose|Minnesota
68|Layla|Sullivan|Denver|Arizona
69|Christopher|West|Denver|Pennsylvania
70|Zoe|Nicholson|Jacksonville|Kansas
71|Nolan|Bryant|Jacksonville|Nevada
72|Victoria|McDonald|Austin|Missouri
73|Max|Russell|Chicago|Oklahoma
74|Penelope|Harper|Charlotte|Pennsylvania
75|Ryan|Graham|San Antonio|Tennessee
76|Madeline|Simpson|Los Angeles|New Jersey
77|Jonathan|Pierce|San Diego|Ohio
78|Eleanor|Tyler|San Antonio|New Hampshire
79|Isaac|Lawrence|Austin|North Dakota
80|Hazel|Gardner|New York|Kentucky
81|Austin|Hudson|Los Angeles|Maryland
82|Lillian|Bishop|Jacksonville|Minnesota
83|Dylan|Wells|Philadelphia|West Virginia
84|Aaliyah|Hanson|Philadelphia|North Dakota
85|Cameron|Burke|Denver|South Dakota
86|Nora|Mills|San Jose|Kansas
87|Hunter|Gordon|Charlotte|Florida
88|Aubrey|Wagner|Phoenix|North Carolina
89|Brayden|Fleming|Jacksonville|Arkansas
90|Scarlett|Bowman|New York|New Jersey
31|Gabriel|Adams|Charlotte|Indiana
32|Natalie|Harris|San Jose|Mississippi
33|Carter|Baker|Denver|Oregon
34|Sofia|Mitchell|San Francisco|Oregon
35|Jack|Ward|Phoenix|Idaho
36|Harper|Turner|Dallas|Utah
37|Mason|Parker|Seattle|Louisiana
38|Aria|Roberts|Seattle|Rhode Island
39|Lucas|Gray|Houston|Wisconsin
40|Ella|Adams|Washington|Utah
41|Evan|Reed|San Antonio|North Carolina
42|Avery|Carter|San Diego|West Virginia
43|Benjamin|Foster|San Diego|Delaware
44|Scarlett|Wright|Phoenix|Vermont
45|Lincoln|Kelly|Columbus|Montana
46|Hannah|Robinson|Phoenix|West Virginia
47|Nicholas|Bailey|Chicago|Rhode Island
48|Luna|Russell|San Diego|Colorado
49|Jacob|Cooper|Columbus|Montana
50|Stella|Hughes|Jacksonville|New Hampshire
51|Eli|Bennett|Jacksonville|Idaho
52|Grace|Perry|Seattle|Pennsylvania
53|Lucas|Gordon|Los Angeles|Rhode Island
54|Ava|Harrison|San Antonio|Vermont
55|Owen|Fisher|Chicago|Nevada
56|Samantha|Howard|Austin|Alaska
57|Nathan|Dixon|Columbus|Utah
58|Bella|Grant|Dallas|Mississippi
59|Ethan|Fletcher|Dallas|Arkansas
60|Lillian|Simmons|Phoenix|Minnesota
1|Emily|Johnson|Phoenix|Mississippi
2|Michael|Williams|Houston|Alabama
3|Sophia|Brown|Washington|Alabama
4|James|Davis|Seattle|Pennsylvania
5|Emma|Miller|Jacksonville|Colorado
6|Olivia|Wilson|Fort Worth|Tennessee
7|Alexander|Jones|Indianapolis|Delaware
8|Ava|Taylor|Fort Worth|Rhode Island
9|Ethan|Martinez|San Antonio|Louisiana
10|Isabella|Anderson|New York|Utah
11|Liam|Garcia|Denver|South Dakota
12|Mia|Rodriguez|Jacksonville|West Virginia
13|Noah|Hernandez|New York|North Dakota
14|Charlotte|Lopez|Columbus|Ohio
15|William|Gonzalez|San Jose|Utah
16|Avery|Perez|Columbus|Iowa
17|Evelyn|Sanchez|San Diego|Wyoming
18|Logan|Torres|Columbus|Arkansas
19|Abigail|Rivera|Chicago|New Mexico
20|Jackson|Evans|New York|Arkansas
21|Madison|Collins|Philadelphia|New Jersey
22|Elijah|Stewart|Columbus|Illinois
23|Chloe|Morales|Dallas|New Jersey
24|Mateo|Nguyen|Columbus|Missouri
25|Harper|Kelly|Philadelphia|New York
26|Evelyn|Gonzalez|Dallas|Maine
27|Daniel|Cook|Los Angeles|Nevada
28|Lily|Lee|Phoenix|Massachusetts
29|Henry|Hill|Indianapolis|Delaware
30|Addison|Wright|San Francisco|Montana
91|Levi|Hicks|Phoenix|West Virginia
92|Autumn|Gomez|Dallas|Illinois
93|Julian|Newton|Fort Worth|Iowa
94|Ruby|Andrews|Dallas|Texas
95|Miles|Stevenson|Charlotte|Montana
96|Aurora|Lawson|Dallas|Minnesota
97|Oscar|Powers|Charlotte|Vermont
98|Clara|Berry|Seattle|Montana
99|Gavin|Stanley|Houston|Mississippi
100|Lila|Hudson|Chicago|Nevada
101|Alice|Smith|Houston|Arkansas
102|John|Doe|Fort Worth|New York
103|Emily|Brown|Houston|Hawaii
104|Michael|Johnson|Phoenix|Maryland
105|Emma|Wilson|New York|Kansas
106|David|Martinez|Seattle|New Jersey
107|Olivia|Anderson|Houston|Vermont
108|James|Garcia|Washington|Maryland
109|Sophia|Jones|Phoenix|Georgia
110|Daniel|Taylor|San Francisco|Virginia
111|Isabella|Jackson|Charlotte|Connecticut
112|Alexander|Hernandez|Dallas|Idaho
113|Mia|Miller|Denver|Michigan
114|Ethan|Thompson|Dallas|Tennessee
115|Charlotte|Davis|Fort Worth|Massachusetts
116|William|Lopez|Washington|Arkansas
117|Amelia|Perez|New York|New Hampshire
118|Benjamin|Wilson|Philadelphia|New Hampshire
119|Liam|Gonzalez|Columbus|New Hampshire
120|Evelyn|Walker|Phoenix|Arizona
121|Ava|Harris|San Antonio|Florida
122|Liam|Smith|Jacksonville|Vermont
123|Harper|King|Phoenix|Washington
124|Noah|Lewis|Denver|Alabama
125|Logan|Lee|Los Angeles|Oregon
126|Avery|Scott|New York|Arizona
127|Mason|Wright|Indianapolis|Tennessee
128|Grace|Green|Los Angeles|Nevada
129|Lucas|Allen|Jacksonville|New Mexico
130|Chloe|Roberts|San Jose|Arkansas
131|Jackson|Morales|Austin|Arkansas
132|Zoe|Bennett|San Jose|Utah
133|Carter|Rivera|Phoenix|South Carolina
134|Nora|Russell|Charlotte|West Virginia
135|Elijah|Cruz|Seattle|North Dakota
136|Madison|Stewart|Indianapolis|Arkansas
137|Gabriel|Bailey|Philadelphia|New Mexico
138|Lily|Torres|Chicago|Illinois
139|Elijah|Hill|Los Angeles|Maine
140|Hannah|Howard|Indianapolis|Indiana
141|Owen|Sullivan|Charlotte|Mississippi
142|Aria|Parker|Phoenix|Alabama
143|Grayson|Coleman|San Francisco|Illinois
144|Ella|Cook|Fort Worth|New Hampshire
145|Luke|Cooper|San Antonio|Maryland
146|Leah|Hughes|Indianapolis|Indiana
147|Henry|Turner|Philadelphia|Ohio
148|Aurora|Barnes|New York|Idaho
149|Wyatt|Perry|Charlotte|Wisconsin
150|Stella|Morris|San Diego|Rhode Island
181|Brandon|Collins|Dallas|Delaware
182|Ellie|Stewart|Philadelphia|Idaho
183|Cameron|Perez|San Jose|Georgia
184|Natalie|Price|Washington|Maryland
185|Henry|Adams|Dallas|Georgia
186|Harper|Garcia|Los Angeles|Michigan
187|Zachary|Lee|Dallas|Alabama
188|Aria|Flores|Indianapolis|Tennessee
189|Tristan|Scott|San Diego|Arkansas
190|Leah|Gutierrez|Denver|Michigan
191|Layla|Young|Houston|Florida
192|Nolan|Gonzalez|San Francisco|Vermont
193|Hazel|Evans|Dallas|South Dakota
194|Brayden|Hill|Austin|Massachusetts
195|Violet|Roberts|San Jose|South Carolina
196|Lucas|Ramirez|San Francisco|Delaware
197|Eleanor|Collins|Phoenix|Utah
198|Max|Parker|Washington|Alaska
199|Vivian|Carter|Indianapolis|Pennsylvania
200|Adrian|Flores|New York|Delaware
201|Maya|Reed|Seattle|Florida
202|Caleb|Nelson|Philadelphia|North Dakota
203|Nova|Cooper|Los Angeles|Nebraska
204|Mateo|Perez|Jacksonville|Texas
205|Aubrey|Garcia|Los Angeles|South Carolina
206|Elena|Baker|San Francisco|Tennessee
207|Jace|Smith|Seattle|South Dakota
208|Samantha|Martinez|Los Angeles|New Hampshire
151|Nathan|Reed|Los Angeles|Utah
152|Paisley|Bell|San Diego|Delaware
153|Christian|Perez|Chicago|Iowa
154|Bella|Gonzalez|Jacksonville|New York
155|Nicholas|Edwards|Chicago|North Carolina
156|Mila|Hernandez|Seattle|New Mexico
157|Aaron|Cook|Phoenix|Wyoming
158|Aubrey|Gutierrez|Philadelphia|Connecticut
159|Eli|Ward|Columbus|Connecticut
160|Claire|Foster|San Jose|Massachusetts
161|James|Gonzales|Seattle|Montana
162|Mateo|Bennett|Jacksonville|Connecticut
163|Julian|James|Charlotte|Nebraska
164|Addison|Ward|San Francisco|South Carolina
165|Leo|Rivera|Fort Worth|Vermont
166|Elena|Long|San Jose|New York
167|Evan|Wright|San Jose|Wisconsin
168|Luna|Perez|San Diego|Arizona
169|Jaxon|Barnes|Indianapolis|Colorado
170|Penelope|King|Los Angeles|New Hampshire
171|Connor|Baker|Indianapolis|Louisiana
172|Ariana|Ross|Chicago|West Virginia
173|Asher|Scott|Dallas|Vermont
174|Sadie|Morales|Seattle|Wisconsin
175|Gabriel|Mitchell|Charlotte|Mississippi
176|Aaliyah|Martinez|New York|West Virginia
177|Xavier|Wright|Jacksonville|Maryland
178|Savannah|Gomez|Austin|Mississippi
179|Tyler|Davis|Columbus|Wisconsin
180|Aurora|Rodriguez|Chicago|Missouri
